,name,lang,stars,commits,issues,tags,releases,last_commit,description,url
0,freeCodeCamp/freeCodeCamp,javascript,312973,25898,14626,0,0,2020-07-28 08:35:56+00:00,freeCodeCamp.org's open source codebase and curriculum. Learn to code at home.,https://github.com/freeCodeCamp/freeCodeCamp
1,vuejs/vue,javascript,168854,3104,9092,249,208,2020-07-01 09:11:46+00:00,"ğŸ–– Vue.js is a progressive, incrementally-adoptable JavaScript framework for building UI on the web.",https://github.com/vuejs/vue
2,facebook/react,javascript,153008,13439,9400,131,90,2020-07-28 16:38:13+00:00,"A declarative, efficient, and flexible JavaScript library for building user interfaces.",https://github.com/facebook/react
3,twbs/bootstrap,javascript,143130,19920,19467,59,59,2020-07-28 13:58:47+00:00,"The most popular HTML, CSS, and JavaScript framework for developing responsive, mobile first projects on the web.",https://github.com/twbs/bootstrap
4,airbnb/javascript,javascript,98198,1828,1006,94,0,2020-06-23 05:55:52+00:00,JavaScript Style Guide,https://github.com/airbnb/javascript
5,d3/d3,javascript,92614,4215,2048,263,155,2020-04-20 17:58:56+00:00,"Bring data to life with SVG, Canvas and HTML. :bar_chart::chart_with_upwards_trend::tada:",https://github.com/d3/d3
6,facebook/react-native,javascript,88975,20577,19819,347,147,2020-07-29 00:28:26+00:00,A framework for building native apps with React.,https://github.com/facebook/react-native
7,facebook/create-react-app,javascript,80613,2569,6024,362,74,2020-07-28 19:38:08+00:00,Set up a modern web app by running one command.,https://github.com/facebook/create-react-app
8,axios/axios,javascript,75563,959,2444,44,23,2020-07-15 16:04:59+00:00,Promise based HTTP client for the browser and node.js,https://github.com/axios/axios
9,trekhleb/javascript-algorithms,javascript,75384,812,145,0,0,2020-07-26 11:23:36+00:00,ğŸ“ Algorithms and data structures implemented in JavaScript with explanations and links to further readings,https://github.com/trekhleb/javascript-algorithms
10,nodejs/node,javascript,71883,31265,11944,613,171,2020-07-28 15:40:43+00:00,Node.js JavaScript runtime :sparkles::turtle::rocket::sparkles:,https://github.com/nodejs/node
11,FortAwesome/Font-Awesome,javascript,63551,70,16278,62,38,2020-07-15 21:34:39+00:00,"The iconic SVG, font, and CSS toolkit",https://github.com/FortAwesome/Font-Awesome
12,mrdoob/three.js,javascript,62360,34088,9906,110,110,2020-07-28 21:18:26+00:00,JavaScript 3D library.,https://github.com/mrdoob/three.js
13,mui-org/material-ui,javascript,59622,12266,11504,278,268,2020-07-28 14:35:38+00:00,"React components for faster and easier web development. Build your own design system, or start with Material Design.",https://github.com/mui-org/material-ui
14,angular/angular.js,javascript,59493,9009,8998,206,0,2020-07-16 16:32:02+00:00,AngularJS - HTML enhanced for web apps!,https://github.com/angular/angular.js
15,30-seconds/30-seconds-of-code,javascript,58295,4953,249,6,4,2020-07-25 06:23:24+00:00,Short JavaScript code snippets for all your development needs,https://github.com/30-seconds/30-seconds-of-code
16,webpack/webpack,javascript,55057,11531,7264,433,225,2020-07-23 11:44:34+00:00,"A bundler for javascript and friends. Packs many modules into a few bundled assets. Code Splitting allows for loading parts of the application on demand. Through ""loaders"", modules can be CommonJs, AMD, ES6 modules, CSS, Images, JSON, Coffeescript, LESS, ... and your custom stuff.",https://github.com/webpack/webpack
17,jquery/jquery,javascript,53758,6502,2039,152,1,2020-07-27 19:14:05+00:00,jQuery JavaScript Library,https://github.com/jquery/jquery
18,hakimel/reveal.js,javascript,52728,2699,1840,32,31,2020-06-09 07:18:27+00:00,The HTML Presentation Framework,https://github.com/hakimel/reveal.js
19,atom/atom,javascript,52524,37606,15929,546,516,2020-07-10 20:35:37+00:00,:atom: The hackable text editor,https://github.com/atom/atom
20,vercel/next.js,javascript,51336,6561,6937,865,746,2020-07-28 23:00:56+00:00,The React Framework,https://github.com/vercel/next.js
21,socketio/socket.io,javascript,50298,1730,2864,128,18,2020-07-09 09:32:48+00:00,Realtime application framework (Node.JS server),https://github.com/socketio/socket.io
22,chartjs/Chart.js,javascript,49761,3262,5292,49,45,2020-07-28 21:24:55+00:00,Simple HTML5 Charts using the <canvas> tag,https://github.com/chartjs/Chart.js
23,expressjs/express,javascript,49469,5591,3337,280,141,2020-07-27 19:15:54+00:00,"Fast, unopinionated, minimalist web framework for node.",https://github.com/expressjs/express
24,typicode/json-server,javascript,48596,794,885,122,7,2020-06-16 02:54:05+00:00,Get a full fake REST API with zero coding in less than 30 seconds (seriously),https://github.com/typicode/json-server
25,Semantic-Org/Semantic-UI,javascript,48237,6684,6110,159,153,2018-10-21 20:59:02+00:00,Semantic is a UI component framework based around useful principles from natural language.,https://github.com/Semantic-Org/Semantic-UI
26,goldbergyoni/nodebestpractices,javascript,48183,1924,198,0,0,2020-07-26 14:01:39+00:00,:white_check_mark:  The Node.js best practices list (July 2020),https://github.com/goldbergyoni/nodebestpractices
27,adam-p/markdown-here,javascript,47525,807,556,49,11,2018-09-30 13:17:46+00:00,"Google Chrome, Firefox, and Thunderbird extension that lets you write email in Markdown and render it before sending.",https://github.com/adam-p/markdown-here
28,awesome-selfhosted/awesome-selfhosted,javascript,47257,3790,529,0,0,2020-07-19 09:28:51+00:00,A list of Free Software network services and web applications which can be hosted locally. Selfhosting is the process of hosting and managing applications instead of renting from Software-as-a-Service providers,https://github.com/awesome-selfhosted/awesome-selfhosted
29,h5bp/html5-boilerplate,javascript,46432,1879,1181,40,32,2020-07-27 14:40:37+00:00,"A professional front-end template for building fast, robust, and adaptable web apps or sites.",https://github.com/h5bp/html5-boilerplate
0,microsoft/vscode,typescript,100554,68925,94270,155,11,2020-07-29 02:10:51+00:00,Visual Studio Code,https://github.com/microsoft/vscode
1,denoland/deno,typescript,65819,4005,2796,119,93,2020-07-29 00:44:34+00:00,A secure JavaScript and TypeScript runtime,https://github.com/denoland/deno
2,angular/angular,typescript,63683,18456,21249,550,0,2020-07-28 22:17:32+00:00,One framework. Mobile & desktop.,https://github.com/angular/angular
3,puppeteer/puppeteer,typescript,63556,1929,4187,51,50,2020-07-28 08:37:49+00:00,Headless Chrome Node.js API,https://github.com/puppeteer/puppeteer
4,microsoft/TypeScript,typescript,62600,30793,27124,126,106,2020-07-28 20:49:42+00:00,TypeScript is a superset of JavaScript that compiles to clean JavaScript output.,https://github.com/microsoft/TypeScript
5,ant-design/ant-design,typescript,62066,19064,18215,407,355,2020-07-28 12:14:37+00:00,ğŸŒˆ  A UI Design Language and React UI library,https://github.com/ant-design/ant-design
6,reduxjs/redux,typescript,53899,3025,1782,69,61,2020-07-26 21:02:27+00:00,Predictable state container for JavaScript apps,https://github.com/reduxjs/redux
7,storybookjs/storybook,typescript,51181,28934,5799,824,548,2020-07-29 00:50:42+00:00,"ğŸ““ The UI component workshop. Develop, document, & test for React, Vue, Angular, Ember, Web Components, & more!",https://github.com/storybookjs/storybook
8,ionic-team/ionic-framework,typescript,41390,10439,17840,239,208,2020-07-27 14:24:15+00:00,"A powerful cross-platform UI toolkit for building native-quality iOS, Android, and Progressive Web Apps with HTML, CSS, and JavaScript.",https://github.com/ionic-team/ionic-framework
9,grafana/grafana,typescript,36278,25981,17007,208,184,2020-07-28 16:09:20+00:00,"The tool for beautiful monitoring and metric analytics & dashboards for Graphite, InfluxDB & Prometheus & More",https://github.com/grafana/grafana
10,vercel/hyper,typescript,33801,1926,3042,101,64,2020-07-18 22:07:50+00:00,A terminal built on web technologies,https://github.com/vercel/hyper
11,cdr/code-server,typescript,33432,1190,1588,47,46,2020-07-22 22:31:24+00:00,VS Code in the browser,https://github.com/cdr/code-server
12,facebook/jest,typescript,31890,4968,5555,187,105,2020-07-28 11:16:10+00:00,Delightful JavaScript Testing.,https://github.com/facebook/jest
13,pixijs/pixi.js,typescript,30130,5378,4133,123,112,2020-07-28 21:03:58+00:00,"The HTML5 Creation Engine: Create beautiful digital content with the fastest, most flexible 2D WebGL renderer.",https://github.com/pixijs/pixi.js
14,DefinitelyTyped/DefinitelyTyped,typescript,29150,70347,6749,1,1,2020-07-28 23:30:21+00:00,The repository for high quality TypeScript type definitions.,https://github.com/DefinitelyTyped/DefinitelyTyped
15,nestjs/nest,typescript,28947,5695,2751,155,52,2020-07-28 19:17:52+00:00,"A progressive Node.js framework for building efficient, scalable, and enterprise-grade server-side applications on top of TypeScript & JavaScript (ES6, ES7, ES8) ğŸš€",https://github.com/nestjs/nest
16,vuetifyjs/vuetify,typescript,26699,9928,8811,367,354,2020-07-28 13:34:06+00:00,ğŸ‰ Material Component Framework for Vue,https://github.com/vuetifyjs/vuetify
17,ant-design/ant-design-pro,typescript,25922,2180,5849,25,18,2020-07-27 06:18:19+00:00,ğŸ‘¨ğŸ»â€ğŸ’»ğŸ‘©ğŸ»â€ğŸ’» Use Ant Design like a Pro!,https://github.com/ant-design/ant-design-pro
18,jiahaog/nativefier,typescript,24118,864,816,97,40,2020-07-23 01:08:07+00:00,Make any web page a desktop application,https://github.com/jiahaog/nativefier
19,angular/angular-cli,typescript,23627,6206,11959,440,299,2020-07-28 19:23:32+00:00,CLI tool for Angular,https://github.com/angular/angular-cli
20,formium/formik,typescript,23556,1442,1708,180,133,2020-07-26 20:41:07+00:00,"Build forms in React, without the tears ğŸ˜­ ",https://github.com/formium/formik
21,ReactiveX/rxjs,typescript,22499,4066,2650,117,0,2020-07-23 17:11:02+00:00,A reactive programming library for JavaScript,https://github.com/ReactiveX/rxjs
22,niklasvh/html2canvas,typescript,21125,949,1954,31,26,2020-07-28 15:59:49+00:00,Screenshots with JavaScript,https://github.com/niklasvh/html2canvas
23,akveo/ngx-admin,typescript,21032,520,1573,24,15,2020-06-17 18:41:04+00:00,Customizable admin dashboard template based on Angular 9+,https://github.com/akveo/ngx-admin
24,t4t5/sweetalert,typescript,20895,359,662,34,13,2019-04-29 04:31:36+00:00,"A beautiful replacement for JavaScript's ""alert""",https://github.com/t4t5/sweetalert
25,typeorm/typeorm,typescript,20113,4275,5064,55,0,2020-07-26 10:30:49+00:00,"ORM for TypeScript and JavaScript (ES7, ES6, ES5). Supports MySQL, PostgreSQL, MariaDB, SQLite, MS SQL Server, Oracle, SAP Hana, WebSQL databases. Works in NodeJS, Browser, Ionic, Cordova and Electron platforms.",https://github.com/typeorm/typeorm
26,angular/components,typescript,20101,7308,11227,149,148,2020-07-29 02:10:43+00:00,Component infrastructure and Material Design components for Angular,https://github.com/angular/components
27,railsware/upterm,typescript,19590,2998,753,260,187,2019-05-20 17:42:14+00:00,A terminal emulator for the 21st century.,https://github.com/railsware/upterm
28,doczjs/docz,typescript,18993,1578,1105,205,126,2020-05-06 08:25:07+00:00,âœ It has never been so easy to document your things!,https://github.com/doczjs/docz
29,NativeScript/NativeScript,typescript,18807,6110,5745,97,60,2020-07-22 20:53:35+00:00,"NativeScript empowers you to access native api's from JavaScript directly. Angular, Vue, Svelte, React and you name it compatible.",https://github.com/NativeScript/NativeScript
0,CyC2018/CS-Notes,java,107235,3641,413,0,0,2020-05-26 17:54:11+00:00,:books: æŠ€æœ¯é¢è¯•å¿…å¤‡åŸºç¡€çŸ¥è¯†ã€Leetcodeã€è®¡ç®—æœºæ“ä½œç³»ç»Ÿã€è®¡ç®—æœºç½‘ç»œã€ç³»ç»Ÿè®¾è®¡ã€Javaã€Pythonã€C++,https://github.com/CyC2018/CS-Notes
1,Snailclimb/JavaGuide,java,84867,2460,435,0,0,2020-07-28 07:09:03+00:00,ã€ŒJavaå­¦ä¹ +é¢è¯•æŒ‡å—ã€ä¸€ä»½æ¶µç›–å¤§éƒ¨åˆ†Javaç¨‹åºå‘˜æ‰€éœ€è¦æŒæ¡çš„æ ¸å¿ƒçŸ¥è¯†ã€‚,https://github.com/Snailclimb/JavaGuide
2,iluwatar/java-design-patterns,java,58808,2531,627,15,0,2020-07-28 17:53:31+00:00,Design patterns implemented in Java,https://github.com/iluwatar/java-design-patterns
3,MisterBooo/LeetCodeAnimation,java,57145,225,39,0,0,2020-06-28 00:39:10+00:00,Demonstrate all the questions on LeetCode in the form of animation.ï¼ˆç”¨åŠ¨ç”»çš„å½¢å¼å‘ˆç°è§£LeetCodeé¢˜ç›®çš„æ€è·¯ï¼‰,https://github.com/MisterBooo/LeetCodeAnimation
4,elastic/elasticsearch,java,50146,53855,24386,278,29,2020-07-29 00:13:02+00:00,"Open Source, Distributed, RESTful Search Engine",https://github.com/elastic/elasticsearch
5,spring-projects/spring-boot,java,49476,27888,18162,162,64,2020-07-28 19:36:24+00:00,Spring Boot,https://github.com/spring-projects/spring-boot
6,doocs/advanced-java,java,45965,488,102,0,0,2020-07-19 02:35:14+00:00,ğŸ˜® äº’è”ç½‘ Java å·¥ç¨‹å¸ˆè¿›é˜¶çŸ¥è¯†å®Œå…¨æ‰«ç›²ï¼šæ¶µç›–é«˜å¹¶å‘ã€åˆ†å¸ƒå¼ã€é«˜å¯ç”¨ã€å¾®æœåŠ¡ã€æµ·é‡æ•°æ®å¤„ç†ç­‰é¢†åŸŸçŸ¥è¯†ï¼Œåç«¯åŒå­¦å¿…çœ‹ï¼Œå‰ç«¯åŒå­¦ä¹Ÿå¯å­¦ä¹ ,https://github.com/doocs/advanced-java
7,kdn251/interviews,java,45703,445,43,0,0,2020-06-06 02:37:07+00:00,Everything you need to know to get the job.,https://github.com/kdn251/interviews
8,ReactiveX/RxJava,java,43170,5763,2951,238,198,2020-07-28 11:05:01+00:00,RxJava â€“ Reactive Extensions for the JVM â€“ a library for composing asynchronous and event-based programs using observable sequences for the Java VM.,https://github.com/ReactiveX/RxJava
9,macrozheng/mall,java,38748,526,311,1,0,2020-07-28 12:38:58+00:00,mallé¡¹ç›®æ˜¯ä¸€å¥—ç”µå•†ç³»ç»Ÿï¼ŒåŒ…æ‹¬å‰å°å•†åŸç³»ç»ŸåŠåå°ç®¡ç†ç³»ç»Ÿï¼ŒåŸºäºSpringBoot+MyBatiså®ç°ï¼Œé‡‡ç”¨Dockerå®¹å™¨åŒ–éƒ¨ç½²ã€‚ å‰å°å•†åŸç³»ç»ŸåŒ…å«é¦–é¡µé—¨æˆ·ã€å•†å“æ¨èã€å•†å“æœç´¢ã€å•†å“å±•ç¤ºã€è´­ç‰©è½¦ã€è®¢å•æµç¨‹ã€ä¼šå‘˜ä¸­å¿ƒã€å®¢æˆ·æœåŠ¡ã€å¸®åŠ©ä¸­å¿ƒç­‰æ¨¡å—ã€‚ åå°ç®¡ç†ç³»ç»ŸåŒ…å«å•†å“ç®¡ç†ã€è®¢å•ç®¡ç†ã€ä¼šå‘˜ç®¡ç†ã€ä¿ƒé”€ç®¡ç†ã€è¿è¥ç®¡ç†ã€å†…å®¹ç®¡ç†ã€ç»Ÿè®¡æŠ¥è¡¨ã€è´¢åŠ¡ç®¡ç†ã€æƒé™ç®¡ç†ã€è®¾ç½®ç­‰æ¨¡å—ã€‚,https://github.com/macrozheng/mall
10,spring-projects/spring-framework,java,38494,21247,19777,185,182,2020-07-28 14:53:37+00:00,Spring Framework,https://github.com/spring-projects/spring-framework
11,google/guava,java,38254,5308,3151,90,29,2020-07-23 17:31:13+00:00,Google core libraries for Java,https://github.com/google/guava
12,square/okhttp,java,37798,4677,3153,102,0,2020-07-25 13:43:50+00:00,Squareâ€™s meticulous HTTP client for Java and Kotlin.,https://github.com/square/okhttp
13,square/retrofit,java,36153,1855,2403,54,27,2020-06-18 03:18:03+00:00,A type-safe HTTP client for Android and the JVM,https://github.com/square/retrofit
14,apache/dubbo,java,33082,4377,3647,70,27,2020-07-28 08:08:53+00:00,"Apache Dubbo is a high-performance, java based, open source RPC framework.",https://github.com/apache/dubbo
15,PhilJay/MPAndroidChart,java,31327,2064,4488,44,44,2020-05-26 05:39:12+00:00,"A powerful ğŸš€ Android chart view / graph view library, supporting line- bar- pie- radar- bubble- and candlestick charts as well as scaling, panning and animations.",https://github.com/PhilJay/MPAndroidChart
16,bumptech/glide,java,29559,2517,3770,38,35,2020-07-21 21:31:40+00:00,An image loading and caching library for Android focused on smooth scrolling,https://github.com/bumptech/glide
17,airbnb/lottie-android,java,29308,1196,1158,83,24,2020-07-29 01:11:00+00:00,"Render After Effects animations natively on Android and iOS, Web, and React Native",https://github.com/airbnb/lottie-android
18,TheAlgorithms/Java,java,27643,1078,195,0,0,2020-07-26 18:46:07+00:00,All Algorithms implemented in Java,https://github.com/TheAlgorithms/Java
19,Blankj/AndroidUtilCode,java,27522,1287,1108,115,115,2020-05-28 02:49:41+00:00,:fire: Android developers should collect the following utils(updating).,https://github.com/Blankj/AndroidUtilCode
20,zxing/zxing,java,25858,3544,1010,27,26,2020-07-22 18:00:29+00:00,"ZXing (""Zebra Crossing"") barcode scanning library for Java, Android",https://github.com/zxing/zxing
21,proxyee-down-org/proxyee-down,java,25598,473,0,50,49,2019-10-09 06:57:12+00:00,httpä¸‹è½½å·¥å…·ï¼ŒåŸºäºhttpä»£ç†ï¼Œæ”¯æŒå¤šè¿æ¥åˆ†å—ä¸‹è½½,https://github.com/proxyee-down-org/proxyee-down
22,JakeWharton/butterknife,java,25379,1003,1127,46,0,2020-06-16 12:24:17+00:00,Bind Android views and callbacks to fields and methods.,https://github.com/JakeWharton/butterknife
23,crossoverJie/JCSprout,java,25036,704,89,1,0,2020-05-18 13:54:42+00:00,"ğŸ‘¨â€ğŸ“ Java Core Sprout : basic, concurrent, algorithm ",https://github.com/crossoverJie/JCSprout
24,netty/netty,java,24282,9910,5137,218,0,2020-07-17 05:12:11+00:00,Netty project - an event-driven asynchronous network application framework,https://github.com/netty/netty
25,kon9chunkit/GitHub-Chinese-Top-Charts,java,23079,49,107,0,0,2020-07-27 00:20:52+00:00,:cn: GitHubä¸­æ–‡æ’è¡Œæ¦œï¼Œå¸®åŠ©ä½ å‘ç°é«˜åˆ†ä¼˜ç§€ä¸­æ–‡é¡¹ç›®ã€æ›´é«˜æ•ˆåœ°å¸æ”¶å›½äººçš„ä¼˜ç§€ç»éªŒæˆæœï¼›æ¦œå•æ¯å‘¨æ›´æ–°ä¸€æ¬¡ï¼Œæ•¬è¯·å…³æ³¨ï¼,https://github.com/kon9chunkit/GitHub-Chinese-Top-Charts
26,ityouknow/spring-boot-examples,java,23042,165,97,0,0,2020-04-18 05:17:32+00:00,about learning Spring Boot via examples. Spring Boot æ•™ç¨‹ã€æŠ€æœ¯æ ˆç¤ºä¾‹ä»£ç ï¼Œå¿«é€Ÿç®€å•ä¸Šæ‰‹æ•™ç¨‹ã€‚ ,https://github.com/ityouknow/spring-boot-examples
27,skylot/jadx,java,22879,1264,701,14,13,2020-07-20 09:33:10+00:00,Dex to Java decompiler,https://github.com/skylot/jadx
28,greenrobot/EventBus,java,22719,507,528,7,5,2020-02-11 09:52:09+00:00,"Event bus for Android and Java that simplifies communication between Activities, Fragments, Threads, Services, etc. Less code, better quality.",https://github.com/greenrobot/EventBus
29,alibaba/arthas,java,22318,1177,988,26,21,2020-07-28 02:55:42+00:00,Alibaba Java Diagnostic Tool Arthas/Alibaba Javaè¯Šæ–­åˆ©å™¨Arthas,https://github.com/alibaba/arthas
0,donnemartin/system-design-primer,python,102768,313,129,0,0,2020-07-18 01:15:47+00:00,Learn how to design large-scale systems. Prep for the system design interview.  Includes Anki flashcards.,https://github.com/donnemartin/system-design-primer
1,public-apis/public-apis,python,90183,2170,135,0,0,2020-07-22 08:14:20+00:00,A collective list of free APIs for use in software and web development.,https://github.com/public-apis/public-apis
2,vinta/awesome-python,python,84852,1538,168,0,0,2020-07-27 08:37:01+00:00,"A curated list of awesome Python frameworks, libraries, software and resources",https://github.com/vinta/awesome-python
3,TheAlgorithms/Python,python,80202,1643,365,0,0,2020-07-28 22:11:16+00:00,All Algorithms implemented in Python,https://github.com/TheAlgorithms/Python
4,ytdl-org/youtube-dl,python,69133,17723,21048,1074,298,2020-07-27 22:13:03+00:00,Command-line program to download videos from YouTube.com and other video sites,https://github.com/ytdl-org/youtube-dl
5,tensorflow/models,python,65295,5161,5630,14,12,2020-07-29 00:15:06+00:00,Models and examples built with TensorFlow,https://github.com/tensorflow/models
6,nvbn/thefuck,python,54393,1567,552,81,15,2020-07-16 21:56:58+00:00,Magnificent app which corrects your previous console command.,https://github.com/nvbn/thefuck
7,pallets/flask,python,51382,3981,1968,32,10,2020-07-28 21:17:36+00:00,The Python micro framework for building web applications.,https://github.com/pallets/flask
8,django/django,python,50928,28611,0,288,0,2020-07-28 11:10:12+00:00,The Web framework for perfectionists with deadlines.,https://github.com/django/django
9,keras-team/keras,python,49110,5349,10221,50,23,2020-06-24 22:39:49+00:00,Deep Learning for humans,https://github.com/keras-team/keras
10,jakubroztocil/httpie,python,47642,1231,626,37,34,2020-07-16 20:47:39+00:00,"As easy as HTTPie /aitch-tee-tee-pie/ ğŸ¥§  Modern, user-friendly command-line HTTP client for the API era. JSON support, colors, sessions, downloads, plugins & more. https://twitter.com/clihttp",https://github.com/jakubroztocil/httpie
11,josephmisiti/awesome-machine-learning,python,45904,1418,64,0,0,2020-07-10 13:59:08+00:00,"A curated list of awesome Machine Learning frameworks, libraries and software.",https://github.com/josephmisiti/awesome-machine-learning
12,ansible/ansible,python,44101,50405,27736,319,3,2020-07-28 22:40:16+00:00,"Ansible is a radically simple IT automation platform that makes your applications and systems easier to deploy. Avoid writing scripts or custom code to deploy and update your applications â€” automate in a language that approaches plain English, using SSH, with no agents to install on remote systems. https://docs.ansible.com/ansible/",https://github.com/ansible/ansible
13,psf/requests,python,43107,5969,3191,139,0,2020-07-24 04:57:30+00:00,"A simple, yet elegant HTTP library.",https://github.com/psf/requests
14,scikit-learn/scikit-learn,python,41726,25898,7719,111,19,2020-07-28 21:36:56+00:00,scikit-learn: machine learning in Python,https://github.com/scikit-learn/scikit-learn
15,scrapy/scrapy,python,37837,8289,2249,95,16,2020-07-28 09:15:14+00:00,"Scrapy, a fast high-level web crawling & scraping framework for Python.",https://github.com/scrapy/scrapy
16,minimaxir/big-list-of-naughty-strings,python,37766,271,76,0,0,2020-05-26 02:39:03+00:00,The Big List of Naughty Strings is a list of strings which have a high probability of causing issues when used as user-input data.,https://github.com/minimaxir/big-list-of-naughty-strings
17,ageitgey/face_recognition,python,35510,194,1029,2,2,2020-02-20 14:20:21+00:00,The world's simplest facial recognition api for Python and the command line,https://github.com/ageitgey/face_recognition
18,home-assistant/core,python,34575,28403,15595,620,619,2020-07-29 00:02:39+00:00,:house_with_garden: Open source home automation that puts local control and privacy first,https://github.com/home-assistant/core
19,soimort/you-get,python,34363,2309,0,144,105,2020-07-26 13:06:03+00:00,:arrow_double_down: Dumb downloader that scrapes the web,https://github.com/soimort/you-get
20,shadowsocks/shadowsocks,python,32716,1,0,18,2,2015-08-22 02:45:55+00:00,,https://github.com/shadowsocks/shadowsocks
21,python/cpython,python,32685,107851,0,438,0,2020-07-29 00:57:12+00:00,The Python programming language,https://github.com/python/cpython
22,521xueweihan/HelloGitHub,python,32558,87,1302,9,9,2020-07-27 11:55:12+00:00,:octocat: Find pearls on open-source seashore åˆ†äº« GitHub ä¸Šæœ‰è¶£ã€å…¥é—¨çº§çš„å¼€æºé¡¹ç›®,https://github.com/521xueweihan/HelloGitHub
23,deepfakes/faceswap,python,31560,1125,608,2,2,2020-07-25 10:05:29+00:00,Deepfakes Software For All,https://github.com/deepfakes/faceswap
24,huggingface/transformers,python,31537,4672,3834,37,33,2020-07-28 22:30:16+00:00,ğŸ¤—Transformers: State-of-the-art Natural Language Processing for Pytorch and TensorFlow 2.0.,https://github.com/huggingface/transformers
25,XX-net/XX-Net,python,30216,2184,12585,305,301,2020-07-17 20:53:01+00:00,a web proxy tool,https://github.com/XX-net/XX-Net
26,apache/incubator-superset,python,29468,5443,4741,171,12,2020-07-29 01:28:22+00:00,"Apache Superset (incubating) is a modern, enterprise-ready business intelligence web application",https://github.com/apache/incubator-superset
27,testerSunshine/12306,python,28412,434,625,1,1,2019-12-27 01:49:00+00:00,12306æ™ºèƒ½åˆ·ç¥¨ï¼Œè®¢ç¥¨,https://github.com/testerSunshine/12306
28,0voice/interview_internal_reference,python,28105,328,38,0,0,2020-07-14 08:36:31+00:00,2020å¹´æœ€æ–°æ€»ç»“ï¼Œé˜¿é‡Œï¼Œè…¾è®¯ï¼Œç™¾åº¦ï¼Œç¾å›¢ï¼Œå¤´æ¡ç­‰æŠ€æœ¯é¢è¯•é¢˜ç›®ï¼Œä»¥åŠç­”æ¡ˆï¼Œä¸“å®¶å‡ºé¢˜äººåˆ†ææ±‡æ€»ã€‚,https://github.com/0voice/interview_internal_reference
29,isocpp/CppCoreGuidelines,python,28021,1883,814,4,4,2020-07-26 18:23:33+00:00,"The C++ Core Guidelines are a set of tried-and-true guidelines, rules, and best practices about coding in C++",https://github.com/isocpp/CppCoreGuidelines
0,laravel/laravel,php,60479,6261,0,110,36,2020-07-27 15:57:16+00:00,A PHP framework for web artisans,https://github.com/laravel/laravel
1,blueimp/jQuery-File-Upload,php,30748,1247,3240,134,0,2020-07-11 07:54:23+00:00,"File Upload widget with multiple file selection, drag&drop support, progress bar, validation and preview images, audio and video for jQuery. Supports cross-domain, chunked and resumable file uploads. Works with any server-side platform (Google App Engine, PHP, Python, Ruby on Rails, Java, etc.) that supports standard HTML form file uploads.",https://github.com/blueimp/jQuery-File-Upload
2,danielmiessler/SecLists,php,26039,957,119,11,10,2020-07-22 15:25:47+00:00,"SecLists is the security tester's companion. It's a collection of multiple types of lists used during security assessments, collected in one place. List types include usernames, passwords, URLs, sensitive data patterns, fuzzing payloads, web shells, and many more.",https://github.com/danielmiessler/SecLists
3,fzaninotto/Faker,php,24379,2614,557,12,11,2020-05-11 08:39:57+00:00,Faker is a PHP library that generates fake data for you,https://github.com/fzaninotto/Faker
4,symfony/symfony,php,23674,49962,14398,505,247,2020-07-23 17:22:39+00:00,The Symfony PHP framework,https://github.com/symfony/symfony
5,composer/composer,php,23518,9724,6055,80,80,2020-07-21 15:17:12+00:00,Dependency Manager for PHP,https://github.com/composer/composer
6,laravel/framework,php,21668,28444,13850,551,271,2020-07-28 17:31:07+00:00,,https://github.com/laravel/framework
7,guzzle/guzzle,php,19664,3505,1609,130,39,2020-07-23 11:23:18+00:00,"Guzzle, an extensible PHP HTTP client",https://github.com/guzzle/guzzle
8,domnikl/DesignPatternsPHP,php,18921,1081,94,0,0,2020-07-12 19:17:29+00:00,sample code for several design patterns in PHP 7.4,https://github.com/domnikl/DesignPatternsPHP
9,bcit-ci/CodeIgniter,php,18058,10156,3122,38,0,2020-07-09 08:47:47+00:00,Open Source PHP Framework (originally from EllisLab),https://github.com/bcit-ci/CodeIgniter
10,Seldaek/monolog,php,17664,2379,629,51,40,2020-07-23 08:41:23+00:00,"Sends your logs to files, sockets, inboxes, databases and various web services",https://github.com/Seldaek/monolog
11,sebastianbergmann/phpunit,php,16393,13873,2760,605,0,2020-07-27 15:01:50+00:00,The PHP Unit Testing framework.,https://github.com/sebastianbergmann/phpunit
12,PHPMailer/PHPMailer,php,15303,1615,1610,61,42,2020-07-20 09:31:22+00:00,The classic email sending library for PHP,https://github.com/PHPMailer/PHPMailer
13,briannesbitt/Carbon,php,14554,2636,928,163,159,2020-07-28 06:04:54+00:00,A simple PHP API extension for DateTime.,https://github.com/briannesbitt/Carbon
14,WordPress/WordPress,php,14108,42160,0,447,0,2020-07-28 21:21:05+00:00,"WordPress, Git-ified. Synced via SVN every 15 minutes, including branches and tags! This repository is just a mirror of the WordPress subversion repository. Please do not send pull requests. Submit patches to https://core.trac.wordpress.org/ instead.",https://github.com/WordPress/WordPress
15,yiisoft/yii2,php,13468,19356,10697,52,51,2020-07-22 13:49:49+00:00,"Yii 2: The Fast, Secure and Professional PHP Framework",https://github.com/yiisoft/yii2
16,matomo-org/matomo,php,13444,26750,11018,612,467,2020-07-28 21:32:05+00:00,"Liberating Web Analytics. Star us on Github? +1. Matomo is the leading open alternative to Google Analytics that gives you full control over your data. Matomo lets you easily collect data from websites, apps & the IoT and visualise this data and extract insights. Privacy is built-in. We love Pull Requests! ",https://github.com/matomo-org/matomo
17,nikic/PHP-Parser,php,13348,1260,429,62,58,2020-07-25 13:18:53+00:00,A PHP parser written in PHP,https://github.com/nikic/PHP-Parser
18,erusev/parsedown,php,13013,841,503,81,25,2020-02-18 10:38:52+00:00,Better Markdown Parser in PHP,https://github.com/erusev/parsedown
19,easychen/howto-make-more-money,php,12354,59,20,1,1,2020-06-01 05:13:03+00:00,"ç¨‹åºå‘˜å¦‚ä½•ä¼˜é›…çš„æŒ£é›¶èŠ±é’±ï¼Œ2.0ç‰ˆï¼Œå‡çº§ä¸ºå°ä¹¦äº†ã€‚Most of this not work outside China , so no English translate",https://github.com/easychen/howto-make-more-money
20,getgrav/grav,php,12128,5354,2362,213,209,2020-07-07 17:17:15+00:00,"Modern, Crazy Fast, Ridiculously Easy and Amazingly Powerful Flat-File CMS",https://github.com/getgrav/grav
21,filp/whoops,php,11907,1082,314,56,0,2020-06-14 09:00:00+00:00,PHP errors for cool kids ,https://github.com/filp/whoops
22,koel/koel,php,11667,1767,706,39,37,2020-07-15 13:20:02+00:00,ğŸ¦ A personal music streaming server that works.,https://github.com/koel/koel
23,phacility/phabricator,php,11635,16732,0,0,0,2020-07-24 20:41:26+00:00,Open software engineering platform and fun adventure game,https://github.com/phacility/phabricator
24,CachetHQ/Cachet,php,11324,6972,2194,54,54,2020-04-07 18:10:45+00:00,ğŸ“› An open source status page system for everyone.,https://github.com/CachetHQ/Cachet
25,nextcloud/server,php,11319,54402,10566,604,22,2020-07-28 16:37:35+00:00,"â˜ï¸ Nextcloud server, a safe home for all your data",https://github.com/nextcloud/server
26,barryvdh/laravel-debugbar,php,11311,833,763,104,44,2020-07-28 19:31:11+00:00,Laravel Debugbar (Integrates PHP Debug Bar),https://github.com/barryvdh/laravel-debugbar
27,PHPOffice/PHPExcel,php,11309,1274,992,14,0,2019-01-02 01:38:47+00:00,ARCHIVED,https://github.com/PHPOffice/PHPExcel
28,thephpleague/flysystem,php,11242,1828,597,137,13,2020-07-26 07:20:36+00:00,Abstraction for local and remote filesystems,https://github.com/thephpleague/flysystem
29,Intervention/image,php,11027,650,796,105,0,2020-07-06 19:03:15+00:00,PHP Image Manipulation,https://github.com/Intervention/image
0,tensorflow/tensorflow,c++,146882,91663,26636,116,112,2020-07-29 02:02:10+00:00,An Open Source Machine Learning Framework for Everyone,https://github.com/tensorflow/tensorflow
1,electron/electron,c++,84744,23847,13394,987,591,2020-07-28 23:43:43+00:00,":electron: Build cross-platform desktop apps with JavaScript, HTML, and CSS",https://github.com/electron/electron
2,microsoft/terminal,c++,66440,1500,5600,52,30,2020-07-20 23:13:20+00:00,"The new Windows Terminal and the original Windows console host, all in the same place!",https://github.com/microsoft/terminal
3,apple/swift,c++,52584,109625,0,1658,25,2020-07-29 02:12:31+00:00,The Swift Programming Language,https://github.com/apple/swift
4,opencv/opencv,c++,47124,29012,6973,97,46,2020-07-28 17:25:20+00:00,Open Source Computer Vision Library,https://github.com/opencv/opencv
5,bitcoin/bitcoin,c++,44329,25147,5596,235,32,2020-07-28 15:51:58+00:00,Bitcoin Core integration/staging tree,https://github.com/bitcoin/bitcoin
6,protocolbuffers/protobuf,c++,43003,7576,4021,86,54,2020-07-27 17:42:22+00:00,Protocol Buffers - Google's data interchange format,https://github.com/protocolbuffers/protobuf
7,pytorch/pytorch,c++,40542,28564,15338,48,28,2020-07-29 01:38:26+00:00,Tensors and Dynamic neural networks in Python with strong GPU acceleration,https://github.com/pytorch/pytorch
8,tesseract-ocr/tesseract,c++,35657,4620,1878,41,8,2020-07-17 13:55:51+00:00,Tesseract Open Source OCR Engine (main repository),https://github.com/tesseract-ocr/tesseract
9,x64dbg/x64dbg,c++,35342,4450,1832,29,3,2020-07-29 02:06:38+00:00,An open-source x64/x32 debugger for windows.,https://github.com/x64dbg/x64dbg
10,godotengine/godot,c++,32158,29648,23765,28,27,2020-07-28 21:42:30+00:00,Godot Engine â€“ Multi-platform 2D and 3D game engine,https://github.com/godotengine/godot
11,microsoft/PowerToys,c++,31416,3602,3930,17,17,2020-07-28 22:02:09+00:00,Windows system utilities to maximize productivity,https://github.com/microsoft/PowerToys
12,BVLC/caffe,c++,30621,4156,4716,14,14,2020-02-13 07:20:36+00:00,Caffe: a fast open framework for deep learning.,https://github.com/BVLC/caffe
13,ariya/phantomjs,c++,27762,1958,4716,23,0,2020-07-13 15:08:08+00:00,Scriptable Headless Browser,https://github.com/ariya/phantomjs
14,grpc/grpc,c++,27024,45922,8737,191,149,2020-07-28 23:22:30+00:00,"The C based gRPC (C++, Python, Ruby, Objective-C, PHP, C#)",https://github.com/grpc/grpc
15,rethinkdb/rethinkdb,c++,23847,33430,6270,138,68,2020-07-14 08:53:39+00:00,The open-source database for the realtime web.,https://github.com/rethinkdb/rethinkdb
16,ocornut/imgui,c++,21987,5837,2659,66,66,2020-07-24 11:00:56+00:00,Dear ImGui: Bloat-free Immediate Mode Graphical User interface for C++ with minimal dependencies,https://github.com/ocornut/imgui
17,google/leveldb,c++,21324,336,585,20,20,2020-07-15 16:20:04+00:00,LevelDB is a fast key-value storage library written at Google that provides an ordered mapping from string keys to string values.,https://github.com/google/leveldb
18,cmderdev/cmder,c++,21218,1156,1896,28,26,2020-07-18 12:58:53+00:00,Lovely console emulator package for Windows,https://github.com/cmderdev/cmder
19,aria2/aria2,c++,20546,5271,1379,150,22,2020-06-25 02:42:25+00:00,"aria2 is a lightweight multi-protocol & multi-source, cross platform download utility operated in command-line. It supports HTTP/HTTPS, FTP, SFTP, BitTorrent and Metalink.",https://github.com/aria2/aria2
20,microsoft/calculator,c++,20043,579,629,0,0,2020-07-22 20:00:44+00:00,Windows Calculator: A simple yet powerful calculator that ships with Windows,https://github.com/microsoft/calculator
21,nlohmann/json,c++,19658,3822,1712,45,33,2020-07-28 11:25:04+00:00,JSON for Modern C++,https://github.com/nlohmann/json
22,dmlc/xgboost,c++,19491,4314,3552,23,23,2020-07-27 07:55:35+00:00,"Scalable, Portable and Distributed Gradient Boosting (GBDT, GBRT or GBM) Library,  for Python, R, Java, Scala, C++ and more. Runs on single machine, Hadoop, Spark, Flink and DataFlow",https://github.com/dmlc/xgboost
23,emscripten-core/emscripten,c++,19385,21233,5531,348,0,2020-07-28 23:56:42+00:00,Emscripten: An LLVM-to-Web Compiler,https://github.com/emscripten-core/emscripten
24,apache/incubator-mxnet,c++,18881,11166,9105,24,22,2020-07-29 01:53:29+00:00,"Lightweight, Portable, Flexible Distributed/Mobile Deep Learning with Dynamic, Mutation-aware Dataflow Dep Scheduler; for Python, R, Julia, Scala, Go, Javascript and more",https://github.com/apache/incubator-mxnet
25,mongodb/mongo,c++,18283,53083,0,829,0,2020-07-28 23:56:02+00:00,The MongoDB Database,https://github.com/mongodb/mongo
26,CMU-Perceptual-Computing-Lab/openpose,c++,18005,624,1403,14,14,2020-07-14 15:47:20+00:00,"OpenPose: Real-time multi-person keypoint detection library for body, face, hands, and foot estimation",https://github.com/CMU-Perceptual-Computing-Lab/openpose
27,facebook/rocksdb,c++,17410,9252,1979,200,125,2020-07-28 20:10:44+00:00,"A library that provides an embeddable, persistent key-value store for fast storage.",https://github.com/facebook/rocksdb
28,osquery/osquery,c++,16969,5560,2497,105,104,2020-07-26 20:38:59+00:00,"SQL powered operating system instrumentation, monitoring, and analytics.",https://github.com/osquery/osquery
29,microsoft/CNTK,c++,16822,16116,3246,39,32,2020-03-31 15:55:14+00:00,"Microsoft Cognitive Toolkit (CNTK), an open source deep-learning toolkit",https://github.com/microsoft/CNTK
0,shadowsocks/shadowsocks-windows,c#,50066,1422,2522,54,46,2020-07-20 09:42:06+00:00,"If you want to keep a secret, you must also hide it from yourself.",https://github.com/shadowsocks/shadowsocks-windows
1,CodeHubApp/CodeHub,c#,22886,593,620,39,4,2020-05-06 02:29:18+00:00,CodeHub is an iOS application written using Xamarin,https://github.com/CodeHubApp/CodeHub
2,PowerShell/PowerShell,c#,20835,8196,7872,90,78,2020-07-26 18:53:56+00:00,PowerShell for every system!,https://github.com/PowerShell/PowerShell
3,dotnet/aspnetcore,c#,18524,44059,17149,116,88,2020-07-29 01:22:44+00:00,"ASP.NET Core is a cross-platform .NET framework for building modern cloud-based web applications on Windows, Mac, or Linux.",https://github.com/dotnet/aspnetcore
4,Wox-launcher/Wox,c#,17818,2732,2701,42,38,2020-07-27 18:23:02+00:00,"Launcher for Windows, an alternative to Alfred and Launchy.",https://github.com/Wox-launcher/Wox
5,0xd4d/dnSpy,c#,15243,3894,1429,2,2,2020-07-17 20:53:44+00:00,.NET debugger and assembly editor,https://github.com/0xd4d/dnSpy
6,mxgmn/WaveFunctionCollapse,c#,14902,114,38,0,0,2020-07-18 10:50:09+00:00,Bitmap & tilemap generation from a single example with the help of ideas from quantum mechanics.,https://github.com/mxgmn/WaveFunctionCollapse
7,dotnet-architecture/eShopOnContainers,c#,14694,3533,884,15,7,2020-07-28 12:06:43+00:00,"Cross-platform .NET sample microservices and container based application that runs on Linux Windows and macOS. Powered by .NET Core 3.0, Docker Containers and Azure Kubernetes Services. Supports Visual Studio, VS for Mac and CLI based environments with Docker CLI, dotnet CLI, VS Code or any other code editor.",https://github.com/dotnet-architecture/eShopOnContainers
8,ShareX/ShareX,c#,13336,6196,4115,64,64,2020-07-28 14:40:14+00:00,"ShareX is a free and open source program that lets you capture or record any area of your screen and share it with a single press of a key. It also allows uploading images, text or other types of files to many supported destinations you can choose from.",https://github.com/ShareX/ShareX
9,dotnet/roslyn,c#,13242,62142,22820,137,42,2020-07-29 02:04:44+00:00,The Roslyn .NET compiler provides C# and Visual Basic languages with rich code analysis APIs.,https://github.com/dotnet/roslyn
10,2dust/v2rayN,c#,13029,265,851,46,45,2020-07-28 05:03:58+00:00,,https://github.com/2dust/v2rayN
11,thangchung/awesome-dotnet-core,c#,12684,1229,58,0,0,2020-07-26 14:12:11+00:00,":honeybee: A collection of awesome .NET core libraries, tools, frameworks and software",https://github.com/thangchung/awesome-dotnet-core
12,StackExchange/Dapper,c#,12600,1408,1010,61,0,2020-06-20 13:40:54+00:00,Dapper - a simple object mapper for .Net,https://github.com/StackExchange/Dapper
13,NickeManarin/ScreenToGif,c#,11842,719,566,55,55,2020-07-15 12:37:11+00:00,"ğŸ¬ ScreenToGif allows you to record a selected area of your screen, edit and save it as a gif or video.",https://github.com/NickeManarin/ScreenToGif
14,icsharpcode/ILSpy,c#,10688,5952,1655,51,43,2020-07-28 20:24:46+00:00,".NET Decompiler with support for PDB generation, ReadyToRun, Metadata (&more) - cross-platform!",https://github.com/icsharpcode/ILSpy
15,dotnet/efcore,c#,9328,10165,14088,100,74,2020-07-29 00:31:36+00:00,"EF Core is a modern object-database mapper for .NET. It supports LINQ queries, change tracking, updates, and schema migrations.",https://github.com/dotnet/efcore
16,MaterialDesignInXAML/MaterialDesignInXamlToolkit,c#,9322,2146,1215,26,26,2020-07-26 16:35:18+00:00,"Google's Material Design in XAML & WPF, for C# & VB.Net. ",https://github.com/MaterialDesignInXAML/MaterialDesignInXamlToolkit
17,AvaloniaUI/Avalonia,c#,9127,13224,2407,28,23,2020-07-28 14:04:47+00:00,"Avalonia is a cross-platform XAML-based UI framework providing a flexible styling system and supporting a wide range of Operating Systems such as Windows via .NET Framework and .NET Core, Linux via Xorg, macOS",https://github.com/AvaloniaUI/Avalonia
18,Unity-Technologies/ml-agents,c#,9119,2402,2273,66,44,2020-07-28 21:00:42+00:00,Unity Machine Learning Agents Toolkit,https://github.com/Unity-Technologies/ml-agents
19,mono/mono,c#,8781,122024,4247,458,0,2020-07-28 22:35:45+00:00,"Mono open source ECMA CLI, C# and .NET implementation.",https://github.com/mono/mono
20,aspnetboilerplate/aspnetboilerplate,c#,8587,6525,4664,210,208,2020-07-01 11:19:39+00:00,ASP.NET Boilerplate - Web Application Framework,https://github.com/aspnetboilerplate/aspnetboilerplate
21,OpenRA/OpenRA,c#,8406,27360,8030,374,85,2020-07-28 22:12:39+00:00,"Open Source real-time strategy game engine for early Westwood games such as Command & Conquer: Red Alert written in C# using SDL and OpenGL. Runs on Windows, Linux, *BSD and Mac OS X.",https://github.com/OpenRA/OpenRA
22,GoogleCloudPlatform/microservices-demo,c#,8278,494,164,7,0,2020-07-15 18:56:37+00:00,"Sample cloud-native application with 10 microservices showcasing Kubernetes, Istio, gRPC and OpenCensus.",https://github.com/GoogleCloudPlatform/microservices-demo
23,SignalR/SignalR,c#,8089,4691,3483,44,30,2020-05-29 23:09:38+00:00,Incredibly simple real-time web for .NET,https://github.com/SignalR/SignalR
24,JamesNK/Newtonsoft.Json,c#,7960,1821,1818,62,62,2020-03-25 20:35:34+00:00,Json.NET is a popular high-performance JSON framework for .NET,https://github.com/JamesNK/Newtonsoft.Json
25,App-vNext/Polly,c#,7806,966,440,29,25,2020-05-02 11:42:54+00:00,"Polly is a .NET resilience and transient-fault-handling library that allows developers to express policies such as Retry, Circuit Breaker, Timeout, Bulkhead Isolation, and Fallback in a fluent and thread-safe manner. From version 6.0.1, Polly targets .NET Standard 1.1 and 2.0+.",https://github.com/App-vNext/Polly
26,dotnet/AspNetCore.Docs,c#,7633,10818,9034,36,36,2020-07-28 13:11:56+00:00,Documentation for ASP.NET Core,https://github.com/dotnet/AspNetCore.Docs
27,AutoMapper/AutoMapper,c#,7353,3621,2534,49,35,2020-07-07 15:00:44+00:00,A convention-based object-object mapper in .NET. ,https://github.com/AutoMapper/AutoMapper
28,restsharp/RestSharp,c#,7343,1790,977,42,22,2020-07-11 09:53:36+00:00,Simple REST and HTTP API Client for .NET,https://github.com/restsharp/RestSharp
29,jellyfin/jellyfin,c#,7278,16806,1990,30,29,2020-07-29 00:01:25+00:00,The Free Software Media System,https://github.com/jellyfin/jellyfin
0,torvalds/linux,c,95029,934997,0,660,0,2020-07-28 18:55:53+00:00,Linux kernel source tree,https://github.com/torvalds/linux
1,netdata/netdata,c,47752,10941,5578,42,35,2020-07-29 01:03:25+00:00,"Real-time performance monitoring, done right! https://www.netdata.cloud",https://github.com/netdata/netdata
2,redis/redis,c,44379,9497,4340,238,1,2020-07-28 19:05:48+00:00,"Redis is an in-memory database that persists on disk. The data model is key-value, but many different kind of values are supported: Strings, Lists, Sets, Sorted Sets, Hashes, Streams, HyperLogLogs, Bitmaps.",https://github.com/redis/redis
3,Genymobile/scrcpy,c,34525,902,1485,17,17,2020-07-07 18:50:09+00:00,Display and control your Android device,https://github.com/Genymobile/scrcpy
4,git/git,c,33478,59933,0,776,0,2020-07-27 01:01:43+00:00,Git Source Code Mirror - This is a publish-only repository and all pull requests are ignored. Please follow Documentation/SubmittingPatches procedure for any of your improvements.,https://github.com/git/git
5,php/php-src,c,27870,119813,0,1058,0,2020-07-29 01:51:09+00:00,The PHP Interpreter,https://github.com/php/php-src
6,bilibili/ijkplayer,c,26997,2584,4877,78,0,2018-02-06 10:21:36+00:00,"Android/iOS video player based on FFmpeg n3.4, with MediaCodec, VideoToolbox support.",https://github.com/bilibili/ijkplayer
7,wg/wrk,c,25713,76,318,20,0,2019-04-18 01:51:32+00:00,Modern HTTP benchmarking tool,https://github.com/wg/wrk
8,obsproject/obs-studio,c,20941,8416,606,120,117,2020-07-28 00:39:49+00:00,OBS Studio - Free and open source software for live streaming and screen recording,https://github.com/obsproject/obs-studio
9,ggreer/the_silver_searcher,c,20640,2055,749,49,0,2020-07-04 19:27:44+00:00,"A code-searching tool similar to ack, but faster.",https://github.com/ggreer/the_silver_searcher
10,FFmpeg/FFmpeg,c,20559,98586,0,335,11,2020-07-28 19:57:50+00:00,Mirror of git://source.ffmpeg.org/ffmpeg.git,https://github.com/FFmpeg/FFmpeg
11,julycoding/The-Art-Of-Programming-By-July,c,19286,3633,127,0,0,2018-06-20 02:30:28+00:00,æœ¬é¡¹ç›®æ›¾å†²åˆ°å…¨çƒç¬¬ä¸€ï¼Œå¹²è´§é›†é”¦è§æœ¬é¡µé¢æœ€åº•éƒ¨ï¼Œå¦å®Œæ•´ç²¾è‡´çš„çº¸è´¨ç‰ˆã€Šç¼–ç¨‹ä¹‹æ³•ï¼šé¢è¯•å’Œç®—æ³•å¿ƒå¾—ã€‹å·²åœ¨äº¬ä¸œ/å½“å½“ä¸Šé”€å”®,https://github.com/julycoding/The-Art-Of-Programming-By-July
12,SamyPesse/How-to-Make-a-Computer-Operating-System,c,18881,243,64,12,1,2015-10-29 19:04:29+00:00,How to Make a Computer Operating System in C++,https://github.com/SamyPesse/How-to-Make-a-Computer-Operating-System
13,tmux/tmux,c,18467,8942,1973,30,30,2020-07-27 09:01:21+00:00,tmux source code,https://github.com/tmux/tmux
14,cfenollosa/os-tutorial,c,18361,147,98,0,0,2018-11-03 00:25:59+00:00,How to create an OS from scratch,https://github.com/cfenollosa/os-tutorial
15,pjreddie/darknet,c,18332,439,2010,0,0,2020-07-19 20:56:14+00:00,Convolutional Neural Networks,https://github.com/pjreddie/darknet
16,curl/curl,c,17698,26009,2376,196,46,2020-07-28 21:51:17+00:00,"A command line tool and library for transferring data with URL syntax, supporting HTTP, HTTPS, FTP, FTPS, GOPHER, TFTP, SCP, SFTP, SMB, TELNET, DICT, LDAP, LDAPS, MQTT, FILE, IMAP, SMTP, POP3, RTSP and RTMP. libcurl offers a myriad of powerful features",https://github.com/curl/curl
17,stedolan/jq,c,17431,1323,1687,11,9,2020-06-08 16:35:13+00:00,Command-line JSON processor,https://github.com/stedolan/jq
18,libuv/libuv,c,15491,4675,1213,230,0,2020-07-29 00:14:42+00:00,Cross-platform asynchronous I/O,https://github.com/libuv/libuv
19,numpy/numpy,c,14405,23645,8739,174,56,2020-07-28 16:49:18+00:00,The fundamental package for scientific computing with Python.,https://github.com/numpy/numpy
20,Awesome-HarmonyOS/HarmonyOS,c,13725,74,0,0,0,2019-08-25 16:38:35+00:00,A curated list of awesome things related to HarmonyOS. åä¸ºé¸¿è’™æ“ä½œç³»ç»Ÿã€‚,https://github.com/Awesome-HarmonyOS/HarmonyOS
21,openssl/openssl,c,13479,26624,4511,314,0,2020-07-28 14:28:06+00:00,TLS/SSL and crypto library,https://github.com/openssl/openssl
22,nothings/stb,c,13249,1940,529,0,0,2020-07-13 11:46:06+00:00,stb single-file public domain libraries for C/C++,https://github.com/nothings/stb
23,vurtun/nuklear,c,13219,1712,659,0,0,2019-12-01 23:01:55+00:00,A single-header ANSI C gui library,https://github.com/vurtun/nuklear
24,radareorg/radare2,c,12864,24484,7487,82,63,2020-07-29 01:35:01+00:00,UNIX-like reverse engineering framework and command-line toolset,https://github.com/radareorg/radare2
25,robertdavidgraham/masscan,c,12863,576,355,8,8,2019-09-22 17:53:17+00:00,"TCP port scanner, spews SYN packets asynchronously, scanning entire Internet in under 5 minutes.",https://github.com/robertdavidgraham/masscan
26,mpv-player/mpv,c,12707,48620,5785,76,76,2020-07-27 16:12:05+00:00,ğŸ¥ Command line video player,https://github.com/mpv-player/mpv
27,facebook/zstd,c,12443,7796,735,59,58,2020-07-27 19:59:10+00:00,Zstandard - Fast real-time compression algorithm,https://github.com/facebook/zstd
28,nginx/nginx,c,12321,6729,0,528,0,2020-07-27 13:02:15+00:00,"An official read-only mirror of http://hg.nginx.org/nginx/ which is updated hourly. Pull requests on GitHub cannot be accepted and will be automatically closed. The proper way to submit changes to nginx is via the nginx development mailing list, see http://nginx.org/en/docs/contributing_changes.html",https://github.com/nginx/nginx
29,allinurl/goaccess,c,11836,3165,1613,27,0,2020-07-21 13:04:23+00:00,GoAccess is a real-time web log analyzer and interactive viewer that runs in a terminal in *nix systems or through your browser.,https://github.com/allinurl/goaccess
0,rails/rails,ruby,46088,77387,13939,426,23,2020-07-28 22:19:05+00:00,Ruby on Rails,https://github.com/rails/rails
1,jekyll/jekyll,ruby,40931,11026,4257,143,97,2020-07-23 07:03:51+00:00,:globe_with_meridians: Jekyll is a blog-aware static site generator in Ruby,https://github.com/jekyll/jekyll
2,discourse/discourse,ruby,31215,38579,0,348,0,2020-07-29 01:58:29+00:00,"A platform for community discussion. Free, open, simple.",https://github.com/discourse/discourse
3,fastlane/fastlane,ruby,29345,15517,10785,1105,444,2020-07-28 21:30:04+00:00,ğŸš€ The easiest way to automate building and releasing your iOS and Android apps,https://github.com/fastlane/fastlane
4,huginn/huginn,ruby,29025,3313,1725,0,0,2020-07-22 02:11:07+00:00,Create agents that monitor and act on your behalf.  Your agents are standing by!,https://github.com/huginn/huginn
5,bayandin/awesome-awesomeness,ruby,26366,520,56,0,0,2020-07-04 16:22:45+00:00,A curated list of awesome awesomeness,https://github.com/bayandin/awesome-awesomeness
6,freeCodeCamp/devdocs,ruby,23513,3362,837,0,0,2020-03-22 14:21:16+00:00,API Documentation Browser,https://github.com/freeCodeCamp/devdocs
7,Homebrew/brew,ruby,22478,22015,2612,168,150,2020-07-29 02:03:54+00:00,ğŸº The missing package manager for macOS (or Linux),https://github.com/Homebrew/brew
8,gitlabhq/gitlabhq,ruby,22302,104118,0,1215,0,2020-07-29 00:09:37+00:00,GitLab CE Mirror | Please open new issues in our issue tracker on GitLab.com,https://github.com/gitlabhq/gitlabhq
9,tootsuite/mastodon,ruby,21570,9356,5612,153,144,2020-07-28 19:52:35+00:00,"Your self-hosted, globally interconnected microblogging community",https://github.com/tootsuite/mastodon
10,rapid7/metasploit-framework,ruby,21089,57266,4023,684,0,2020-07-28 22:31:21+00:00,Metasploit Framework,https://github.com/rapid7/metasploit-framework
11,heartcombo/devise,ruby,20984,3689,3966,136,14,2020-06-23 11:50:20+00:00,Flexible authentication solution for Rails with Warden.,https://github.com/heartcombo/devise
12,hashicorp/vagrant,ruby,20292,13336,8516,144,0,2020-07-28 22:13:13+00:00,Vagrant is a tool for building and distributing development environments.,https://github.com/hashicorp/vagrant
13,Homebrew/homebrew-cask,ruby,17250,113827,5472,115,81,2020-07-29 00:14:38+00:00,ğŸ» A CLI workflow for the administration of macOS applications distributed as binaries,https://github.com/Homebrew/homebrew-cask
14,kilimchoi/engineering-blogs,ruby,17118,1702,77,0,0,2020-04-28 14:57:45+00:00,A curated list of engineering blogs,https://github.com/kilimchoi/engineering-blogs
15,ruby/ruby,ruby,17040,62492,0,1125,0,2020-07-28 19:53:37+00:00,The Ruby Programming Language [mirror],https://github.com/ruby/ruby
16,forem/forem,ruby,14490,6256,2874,0,0,2020-07-28 19:35:03+00:00,For empowering community ğŸŒ±,https://github.com/forem/forem
17,twbs/bootstrap-sass,ruby,12759,1032,821,61,13,2019-02-13 18:58:58+00:00,Official Sass port of Bootstrap 2 and 3.,https://github.com/twbs/bootstrap-sass
18,CocoaPods/CocoaPods,ruby,12610,8947,7968,206,166,2020-07-20 22:05:23+00:00,The Cocoa Dependency Manager.,https://github.com/CocoaPods/CocoaPods
19,diaspora/diaspora,ruby,12463,20231,4611,88,84,2020-07-08 20:05:52+00:00,"A privacy-aware, distributed, open source social network.",https://github.com/diaspora/diaspora
20,capistrano/capistrano,ruby,11558,1665,1074,101,24,2020-06-14 03:44:32+00:00,Remote multi-server automation tool,https://github.com/capistrano/capistrano
21,elastic/logstash,ruby,11526,9598,5642,228,29,2020-07-27 21:21:56+00:00,"Logstash - transport and process your logs, events, or other data",https://github.com/elastic/logstash
22,sinatra/sinatra,ruby,11026,4163,740,137,0,2020-07-18 19:25:52+00:00,Classy web-development dressed in a DSL (official / canonical repo),https://github.com/sinatra/sinatra
23,rubocop-hq/rubocop,ruby,10961,9461,3754,143,102,2020-07-28 15:36:58+00:00,"A Ruby static code analyzer and formatter, based on the community Ruby style guide.",https://github.com/rubocop-hq/rubocop
24,gollum/gollum,ruby,10852,2270,1022,81,0,2020-07-15 10:46:18+00:00,"A simple, Git-powered wiki with a sweet API and local frontend.",https://github.com/gollum/gollum
25,spree/spree,ruby,10531,21960,3812,277,133,2020-07-28 16:46:30+00:00,"Spree is an open source E-commerce platform for Rails 6 with a modern UX, optional PWA frontend, REST API, GraphQL, several official extensions and 3rd party integrations. Over 1 million downloads and counting! Check it out:",https://github.com/spree/spree
26,mperham/sidekiq,ruby,10463,3902,3448,141,0,2020-07-27 23:47:34+00:00,"Simple, efficient background processing for Ruby",https://github.com/mperham/sidekiq
27,tmuxinator/tmuxinator,ruby,10096,828,436,49,35,2020-06-23 18:38:20+00:00,Manage complex tmux sessions easily,https://github.com/tmuxinator/tmuxinator
28,postalhq/postal,ruby,9902,249,1077,0,0,2020-07-17 10:57:21+00:00,ğŸ“¨ A fully featured open source mail delivery platform for incoming & outgoing e-mail,https://github.com/postalhq/postal
29,jordansissel/fpm,ruby,9648,2126,1050,82,0,2020-03-08 03:54:46+00:00,"Effing package management! Build packages for multiple platforms (deb, rpm, etc) with great ease and sanity.",https://github.com/jordansissel/fpm
0,golang/go,go,74817,44200,39034,285,0,2020-07-28 16:59:04+00:00,The Go programming language,https://github.com/golang/go
1,kubernetes/kubernetes,go,68542,93077,35572,680,408,2020-07-28 23:31:47+00:00,Production-Grade Container Scheduling and Management,https://github.com/kubernetes/kubernetes
2,moby/moby,go,57691,38824,20332,324,85,2020-07-28 20:56:31+00:00,Moby Project - a collaborative project for the container ecosystem to assemble container-based systems,https://github.com/moby/moby
3,avelino/awesome-go,go,56262,3478,228,0,0,2020-07-28 02:18:03+00:00,"A curated list of awesome Go frameworks, libraries and software",https://github.com/avelino/awesome-go
4,gohugoio/hugo,go,45726,5874,4786,134,134,2020-07-27 20:12:54+00:00,The worldâ€™s fastest framework for building websites.,https://github.com/gohugoio/hugo
5,gin-gonic/gin,go,40324,1391,1426,22,13,2020-07-09 01:40:00+00:00,"Gin is a HTTP web framework written in Go (Golang). It features a Martini-like API with much better performance -- up to 40 times faster. If you need smashing performance, get yourself some Gin.",https://github.com/gin-gonic/gin
6,fatedier/frp,go,37715,845,1527,54,54,2020-04-27 08:50:34+00:00,A fast reverse proxy to help you expose a local server behind a NAT or firewall to the internet.,https://github.com/fatedier/frp
7,astaxie/build-web-application-with-golang,go,35286,5111,279,0,0,2020-05-29 02:12:00+00:00,A golang ebook intro how to build a web with golang,https://github.com/astaxie/build-web-application-with-golang
8,gogs/gogs,go,35066,5384,4582,56,56,2020-07-17 14:49:32+00:00,Gogs is a painless self-hosted Git service,https://github.com/gogs/gogs
9,v2ray/v2ray-core,go,33980,5021,2241,346,243,2020-07-24 00:38:03+00:00,A platform for building proxies to bypass network restrictions.,https://github.com/v2ray/v2ray-core
10,syncthing/syncthing,go,32448,5936,4150,415,213,2020-07-28 14:46:42+00:00,Open Source Continuous File Synchronization,https://github.com/syncthing/syncthing
11,etcd-io/etcd,go,32134,16244,4979,193,185,2020-07-28 21:41:10+00:00,Distributed reliable key-value store for the most critical data of a distributed system,https://github.com/etcd-io/etcd
12,prometheus/prometheus,go,32121,8009,3525,174,153,2020-07-28 20:09:01+00:00,The Prometheus monitoring system and time series database.,https://github.com/prometheus/prometheus
13,junegunn/fzf,go,30909,1809,1659,89,0,2020-07-28 04:06:57+00:00,:cherry_blossom: A command-line fuzzy finder,https://github.com/junegunn/fzf
14,containous/traefik,go,29837,3650,3926,307,302,2020-07-15 18:50:03+00:00,The Cloud Native Edge Router,https://github.com/containous/traefik
15,caddyserver/caddy,go,29446,802,2281,83,73,2020-07-20 23:17:38+00:00,"Fast, multi-platform web server with automatic HTTPS",https://github.com/caddyserver/caddy
16,ethereum/go-ethereum,go,26371,11885,4942,173,131,2020-07-28 16:16:49+00:00,Official Go implementation of the Ethereum protocol,https://github.com/ethereum/go-ethereum
17,FiloSottile/mkcert,go,25035,137,182,11,11,2020-03-22 02:12:54+00:00,A simple zero-config tool to make locally trusted development certificates with any names you'd like.,https://github.com/FiloSottile/mkcert
18,astaxie/beego,go,24550,3631,2756,30,6,2020-07-16 05:52:11+00:00,"beego is an open-source, high-performance web framework for the Go programming language.",https://github.com/astaxie/beego
19,pingcap/tidb,go,24434,11378,5256,113,105,2020-07-28 13:34:09+00:00,TiDB is an open source distributed HTAP database compatible with the MySQL protocol ,https://github.com/pingcap/tidb
20,istio/istio,go,23709,12959,10590,146,144,2020-07-28 22:43:40+00:00,"Connect, secure, control, and observe services.",https://github.com/istio/istio
21,hashicorp/terraform,go,23185,26390,15168,154,124,2020-07-24 21:37:59+00:00,"Terraform enables you to safely and predictably create, change, and improve infrastructure. It is an open source tool that codifies APIs into declarative configuration files that can be shared amongst team members, treated as code, edited, reviewed, and versioned.",https://github.com/hashicorp/terraform
22,minio/minio,go,23041,7036,4286,176,175,2020-07-28 20:20:50+00:00,"High Performance, Kubernetes Native Object Storage",https://github.com/minio/minio
23,rclone/rclone,go,22663,4638,3380,75,67,2020-07-28 16:18:31+00:00,"""rsync for cloud storage"" - Google Drive, Amazon Drive, S3, Dropbox, Backblaze B2, One Drive, Swift, Hubic, Cloudfiles, Google Cloud Storage, Yandex Files",https://github.com/rclone/rclone
24,unknwon/the-way-to-go_ZH_CN,go,22398,1358,0,0,0,2020-07-09 08:11:13+00:00,ã€ŠThe Way to Goã€‹ä¸­æ–‡è¯‘æœ¬ï¼Œä¸­æ–‡æ­£å¼åã€ŠGo å…¥é—¨æŒ‡å—ã€‹,https://github.com/unknwon/the-way-to-go_ZH_CN
25,drone/drone,go,21461,3699,1719,53,0,2020-07-12 18:19:18+00:00,"Drone is a Container-Native, Continuous Delivery Platform",https://github.com/drone/drone
26,wagoodman/dive,go,20914,387,193,24,23,2020-05-13 14:56:35+00:00,A tool for exploring each layer in a docker image,https://github.com/wagoodman/dive
27,go-gitea/gitea,go,20645,9869,5800,101,96,2020-07-28 20:54:08+00:00,"Git with a cup of tea, painless self-hosted git service",https://github.com/go-gitea/gitea
28,github/hub,go,19989,3286,1733,101,60,2020-05-25 22:08:52+00:00,A command-line tool that makes git easier to use with GitHub.,https://github.com/github/hub
29,hashicorp/consul,go,19797,12170,3867,115,6,2020-07-28 19:31:48+00:00,"Consul is a distributed, highly available, and data center aware solution to connect and configure applications across dynamic, distributed infrastructure.",https://github.com/hashicorp/consul
